COVID_State,Community_to_NH-Avg,Community_to_NH-Std,Hospital_to_NH-Avg,Hospital_to_NH-Std,NH_Visits-Avg,NH_Visits-Std,NH_HCWs-Avg,NH_HCWs-Std
Susceptible,1566.8,59.58336829835803,6938.8,161.41168896128104,376010.4,3303.194218395952,440344.7,2778.3556307843514
Asymptomatic,10.0,9.3571125650788,10.6,5.521674464226308,2445.0,171.23473167945028,4924.3,312.1463510029301
Mild,27.5,13.209844813622906,27.4,14.041209191360819,2314.0,136.55361177533493,1744.5,139.41803645471734
Recovered,193.7,8.920014947670584,1355.1,71.69449072278846,51190.5,2038.8186257950679,75169.1,2240.9731740176335
